Tarih,Sembol,Fiyat,Hacim,Değişim (%)
2026-02-23 09:35:00,AAPL,265.85,858781,0.18
2026-02-23 09:40:00,AAPL,264.4,408754,-0.55
2026-02-23 09:45:00,AAPL,264.71,341697,0.12
2026-02-23 09:50:00,AAPL,264.65,1182434,-0.02
2026-02-23 09:55:00,AAPL,264.92,1254349,0.1
2026-02-23 10:00:00,AAPL,264.77,2875458,-0.06
2026-02-23 10:05:00,AAPL,265.57,355313,0.3
2026-02-23 10:10:00,AAPL,265.43,1903060,-0.05
2026-02-23 10:15:00,AAPL,266.77,1955274,0.5
2026-02-23 10:20:00,AAPL,267.18,2185899,0.15
2026-02-23 10:25:00,AAPL,267.05,4647473,-0.05
2026-02-23 10:30:00,AAPL,267.09,214116,0.01
2026-02-23 10:35:00,AAPL,266.95,2556514,-0.05
2026-02-23 10:40:00,AAPL,266.79,2661899,-0.06
2026-02-23 10:45:00,AAPL,267.04,2776580,0.1
2026-02-23 10:50:00,AAPL,266.7,5480038,-0.13
2026-02-23 10:55:00,AAPL,266.8,5773269,0.04
2026-02-23 11:00:00,AAPL,265.85,3077733,-0.35
2026-02-23 11:05:00,AAPL,265.12,3286308,-0.27
2026-02-23 11:10:00,AAPL,264.85,6514477,-0.1
2026-02-23 11:15:00,AAPL,265.59,6631043,0.28
2026-02-23 11:20:00,AAPL,266.12,246459,0.2
2026-02-23 11:25:00,AAPL,266.59,7139040,0.18
2026-02-23 11:30:00,AAPL,266.24,7214312,-0.13
2026-02-23 11:35:00,AAPL,266.33,3773703,0.03
2026-02-23 11:40:00,AAPL,266.61,7533703,0.11
2026-02-23 11:45:00,AAPL,266.62,143416,0.0
2026-02-23 11:50:00,AAPL,266.42,3955646,-0.08
2026-02-23 11:55:00,AAPL,266.07,4030760,-0.13
2026-02-23 12:00:00,AAPL,266.39,7957239,0.12
2026-02-23 12:05:00,AAPL,266.73,184953,0.13
2026-02-23 12:10:00,AAPL,266.48,4223273,-0.09
2026-02-23 12:15:00,AAPL,266.76,4197986,0.1
2026-02-23 12:20:00,AAPL,267.05,213348,0.11
2026-02-23 12:25:00,AAPL,267.13,4373052,0.03
2026-02-23 12:30:00,AAPL,267.12,146215,-0.0
2026-02-23 12:35:00,AAPL,267.17,179877,0.02
2026-02-23 12:40:00,AAPL,267.78,341227,0.23
2026-02-23 12:45:00,AAPL,267.65,4716958,-0.05
2026-02-23 12:50:00,AAPL,267.82,218070,0.06
2026-02-23 12:55:00,AAPL,268.15,9691065,0.12
2026-02-23 13:00:00,AAPL,268.45,5040753,0.11
2026-02-23 13:05:00,AAPL,268.83,220881,0.14
2026-02-23 13:10:00,AAPL,268.85,209796,0.01
2026-02-23 13:15:00,AAPL,269.11,263903,0.1
2026-02-23 13:20:00,AAPL,269.04,10815732,-0.03
2026-02-23 13:25:00,AAPL,269.33,5564166,0.11
2026-02-23 13:30:00,AAPL,269.36,5621228,0.01
2026-02-23 13:35:00,AAPL,269.05,11288162,-0.11
2026-02-23 13:40:00,AAPL,269.0,6047286,-0.02
2026-02-23 13:45:00,AAPL,268.96,115317,-0.01
2026-02-23 13:50:00,AAPL,268.55,169101,-0.15
2026-02-23 13:55:00,AAPL,268.07,281865,-0.18
2026-02-23 14:00:00,AAPL,267.77,6436495,-0.11
2026-02-23 14:05:00,AAPL,267.78,191320,0.0
2026-02-23 14:10:00,AAPL,267.72,6698785,-0.02
2026-02-23 14:15:00,AAPL,267.65,168954,-0.03
2026-02-23 14:20:00,AAPL,267.54,180297,-0.04
2026-02-23 14:25:00,AAPL,267.3,6678842,-0.09
2026-02-23 14:30:00,AAPL,267.0,204195,-0.11
2026-02-23 14:35:00,AAPL,267.08,198376,0.03
2026-02-23 14:40:00,AAPL,266.64,13882967,-0.16
2026-02-23 14:45:00,AAPL,266.85,167982,0.08
2026-02-23 14:50:00,AAPL,266.72,13875054,-0.05
2026-02-23 14:55:00,AAPL,266.63,247577,-0.03
2026-02-23 15:00:00,AAPL,266.63,160132,-0.0
2026-02-23 15:05:00,AAPL,266.35,7179532,-0.1
2026-02-23 15:10:00,AAPL,266.69,187451,0.13
2026-02-23 15:15:00,AAPL,266.9,240613,0.08
2026-02-23 15:20:00,AAPL,266.62,7559038,-0.1
2026-02-23 15:25:00,AAPL,266.78,195210,0.06
2026-02-23 15:30:00,AAPL,266.85,7681295,0.03
2026-02-23 15:35:00,AAPL,266.55,181297,-0.11
2026-02-23 15:40:00,AAPL,266.71,184153,0.06
2026-02-23 15:45:00,AAPL,266.85,172045,0.05
2026-02-23 15:50:00,AAPL,266.2,469457,-0.24
2026-02-23 15:55:00,AAPL,266.26,98719,0.02
2026-02-23 09:35:00,MSFT,390.53,2543296,-0.55
2026-02-23 09:40:00,MSFT,387.88,2378800,-0.68
2026-02-23 09:45:00,MSFT,387.59,876934,-0.07
2026-02-23 09:50:00,MSFT,388.24,2943431,0.17
2026-02-23 09:55:00,MSFT,388.75,2907103,0.13
2026-02-23 10:00:00,MSFT,388.56,5803582,-0.05
2026-02-23 10:05:00,MSFT,388.11,3370785,-0.12
2026-02-23 10:10:00,MSFT,387.98,3526332,-0.03
2026-02-23 10:15:00,MSFT,388.17,3769031,0.05
2026-02-23 10:20:00,MSFT,388.8,7638820,0.16
2026-02-23 10:25:00,MSFT,388.43,526199,-0.1
2026-02-23 10:30:00,MSFT,388.5,389676,0.02
2026-02-23 10:35:00,MSFT,388.7,8627323,0.05
2026-02-23 10:40:00,MSFT,388.55,4593287,-0.04
2026-02-23 10:45:00,MSFT,388.09,208200,-0.12
2026-02-23 10:50:00,MSFT,386.43,567186,-0.43
2026-02-23 10:55:00,MSFT,385.64,666570,-0.21
2026-02-23 11:00:00,MSFT,385.58,10586150,-0.01
2026-02-23 11:05:00,MSFT,385.49,5563589,-0.02
2026-02-23 11:10:00,MSFT,385.84,291842,0.09
2026-02-23 11:15:00,MSFT,386.06,11400246,0.06
2026-02-23 11:20:00,MSFT,386.38,5942308,0.08
2026-02-23 11:25:00,MSFT,386.56,6000926,0.05
2026-02-23 11:30:00,MSFT,386.33,280568,-0.06
2026-02-23 11:35:00,MSFT,386.7,6105632,0.1
2026-02-23 11:40:00,MSFT,386.59,6485149,-0.03
2026-02-23 11:45:00,MSFT,386.54,6649033,-0.01
2026-02-23 11:50:00,MSFT,386.14,6723591,-0.1
2026-02-23 11:55:00,MSFT,385.77,6871196,-0.1
2026-02-23 12:00:00,MSFT,385.38,13547417,-0.1
2026-02-23 12:05:00,MSFT,385.83,232685,0.12
2026-02-23 12:10:00,MSFT,385.68,7117707,-0.04
2026-02-23 12:15:00,MSFT,385.76,115781,0.02
2026-02-23 12:20:00,MSFT,386.36,7220029,0.16
2026-02-23 12:25:00,MSFT,386.44,148209,0.02
2026-02-23 12:30:00,MSFT,386.49,197549,0.01
2026-02-23 12:35:00,MSFT,386.27,156295,-0.06
2026-02-23 12:40:00,MSFT,387.08,227508,0.21
2026-02-23 12:45:00,MSFT,387.55,7566534,0.12
2026-02-23 12:50:00,MSFT,387.6,7627720,0.01
2026-02-23 12:55:00,MSFT,387.47,135199,-0.03
2026-02-23 13:00:00,MSFT,387.04,7785403,-0.11
2026-02-23 13:05:00,MSFT,386.82,7845228,-0.06
2026-02-23 13:10:00,MSFT,387.17,129310,0.09
2026-02-23 13:15:00,MSFT,386.85,7899524,-0.08
2026-02-23 13:20:00,MSFT,386.93,237486,0.02
2026-02-23 13:25:00,MSFT,386.79,8035226,-0.04
2026-02-23 13:30:00,MSFT,386.88,8095737,0.02
2026-02-23 13:35:00,MSFT,387.29,16052206,0.11
2026-02-23 13:40:00,MSFT,386.96,126226,-0.08
2026-02-23 13:45:00,MSFT,387.4,8213155,0.11
2026-02-23 13:50:00,MSFT,386.6,110024,-0.21
2026-02-23 13:55:00,MSFT,386.35,8349878,-0.06
2026-02-23 14:00:00,MSFT,386.42,8699615,0.02
2026-02-23 14:05:00,MSFT,386.32,8538153,-0.03
2026-02-23 14:10:00,MSFT,386.53,17179253,0.05
2026-02-23 14:15:00,MSFT,386.36,69466,-0.04
2026-02-23 14:20:00,MSFT,386.23,86667,-0.03
2026-02-23 14:25:00,MSFT,386.17,8814954,-0.01
2026-02-23 14:30:00,MSFT,386.19,111868,0.01
2026-02-23 14:35:00,MSFT,385.86,9059293,-0.09
2026-02-23 14:40:00,MSFT,384.47,471801,-0.36
2026-02-23 14:45:00,MSFT,384.57,330767,0.03
2026-02-23 14:50:00,MSFT,383.77,9709097,-0.21
2026-02-23 14:55:00,MSFT,384.05,9847646,0.07
2026-02-23 15:00:00,MSFT,384.1,280561,0.01
2026-02-23 15:05:00,MSFT,383.45,10040639,-0.17
2026-02-23 15:10:00,MSFT,383.49,225468,0.01
2026-02-23 15:15:00,MSFT,383.75,208174,0.07
2026-02-23 15:20:00,MSFT,383.39,10264905,-0.09
2026-02-23 15:25:00,MSFT,383.27,221064,-0.03
2026-02-23 15:30:00,MSFT,383.92,300202,0.17
2026-02-23 15:35:00,MSFT,383.46,309988,-0.12
2026-02-23 15:40:00,MSFT,383.47,11018214,0.0
2026-02-23 15:45:00,MSFT,383.61,272344,0.04
2026-02-23 15:50:00,MSFT,383.74,604450,0.03
2026-02-23 15:55:00,MSFT,383.67,137602,-0.02
2026-02-23 09:35:00,AMZN,206.38,1002152,-0.4
2026-02-23 09:40:00,AMZN,205.88,906197,-0.24
2026-02-23 09:45:00,AMZN,206.04,799759,0.08
2026-02-23 09:50:00,AMZN,205.91,547331,-0.06
2026-02-23 09:55:00,AMZN,205.57,3080024,-0.17
2026-02-23 10:00:00,AMZN,205.15,616108,-0.2
2026-02-23 10:05:00,AMZN,204.12,4204460,-0.5
2026-02-23 10:10:00,AMZN,204.58,4527290,0.23
2026-02-23 10:15:00,AMZN,204.85,4508100,0.13
2026-02-23 10:20:00,AMZN,204.87,386145,0.01
2026-02-23 10:25:00,AMZN,204.63,363184,-0.12
2026-02-23 10:30:00,AMZN,204.67,5354836,0.02
2026-02-23 10:35:00,AMZN,204.75,10699459,0.04
2026-02-23 10:40:00,AMZN,204.8,5594720,0.02
2026-02-23 10:45:00,AMZN,204.98,5723237,0.09
2026-02-23 10:50:00,AMZN,204.37,405238,-0.3
2026-02-23 10:55:00,AMZN,204.54,523122,0.09
2026-02-23 11:00:00,AMZN,203.84,453043,-0.34
2026-02-23 11:05:00,AMZN,203.81,445853,-0.01
2026-02-23 11:10:00,AMZN,203.91,405073,0.05
2026-02-23 11:15:00,AMZN,204.24,343534,0.16
2026-02-23 11:20:00,AMZN,204.23,14740525,-0.0
2026-02-23 11:25:00,AMZN,204.46,385832,0.11
2026-02-23 11:30:00,AMZN,203.92,7917774,-0.26
2026-02-23 11:35:00,AMZN,204.13,16111579,0.1
2026-02-23 11:40:00,AMZN,204.12,190955,-0.0
2026-02-23 11:45:00,AMZN,204.29,16665982,0.09
2026-02-23 11:50:00,AMZN,204.39,8677311,0.05
2026-02-23 11:55:00,AMZN,204.11,275173,-0.14
2026-02-23 12:00:00,AMZN,203.98,9088697,-0.06
2026-02-23 12:05:00,AMZN,203.73,322447,-0.13
2026-02-23 12:10:00,AMZN,203.71,9403042,-0.0
2026-02-23 12:15:00,AMZN,203.64,9451574,-0.04
2026-02-23 12:20:00,AMZN,203.57,9582699,-0.03
2026-02-23 12:25:00,AMZN,203.44,9797196,-0.06
2026-02-23 12:30:00,AMZN,203.49,263826,0.03
2026-02-23 12:35:00,AMZN,203.21,10151501,-0.14
2026-02-23 12:40:00,AMZN,203.6,228809,0.19
2026-02-23 12:45:00,AMZN,203.8,231854,0.1
2026-02-23 12:50:00,AMZN,204.23,496370,0.21
2026-02-23 12:55:00,AMZN,204.04,10628492,-0.09
2026-02-23 13:00:00,AMZN,204.12,258062,0.04
2026-02-23 13:05:00,AMZN,204.22,214696,0.05
2026-02-23 13:10:00,AMZN,204.54,339163,0.16
2026-02-23 13:15:00,AMZN,204.38,11169699,-0.08
2026-02-23 13:20:00,AMZN,204.59,11278472,0.1
2026-02-23 13:25:00,AMZN,204.43,11306093,-0.08
2026-02-23 13:30:00,AMZN,204.35,11920437,-0.04
2026-02-23 13:35:00,AMZN,204.22,257055,-0.06
2026-02-23 13:40:00,AMZN,203.93,12313576,-0.14
2026-02-23 13:45:00,AMZN,204.16,12314382,0.11
2026-02-23 13:50:00,AMZN,204.3,172944,0.07
2026-02-23 13:55:00,AMZN,203.9,213734,-0.2
2026-02-23 14:00:00,AMZN,204.0,12740478,0.05
2026-02-23 14:05:00,AMZN,204.04,170462,0.02
2026-02-23 14:10:00,AMZN,204.39,12861488,0.17
2026-02-23 14:15:00,AMZN,204.18,13031855,-0.1
2026-02-23 14:20:00,AMZN,204.34,209700,0.08
2026-02-23 14:25:00,AMZN,204.38,268722,0.02
2026-02-23 14:30:00,AMZN,204.81,235443,0.21
2026-02-23 14:35:00,AMZN,204.77,265433,-0.02
2026-02-23 14:40:00,AMZN,204.48,13794790,-0.14
2026-02-23 14:45:00,AMZN,204.72,201147,0.12
2026-02-23 14:50:00,AMZN,204.49,229811,-0.11
2026-02-23 14:55:00,AMZN,204.25,14005516,-0.12
2026-02-23 15:00:00,AMZN,204.14,272894,-0.05
2026-02-23 15:05:00,AMZN,204.31,289740,0.08
2026-02-23 15:10:00,AMZN,204.28,14322729,-0.01
2026-02-23 15:15:00,AMZN,204.67,229822,0.19
2026-02-23 15:20:00,AMZN,204.57,14523296,-0.05
2026-02-23 15:25:00,AMZN,204.67,209209,0.05
2026-02-23 15:30:00,AMZN,205.11,342855,0.21
2026-02-23 15:35:00,AMZN,204.9,15293377,-0.1
2026-02-23 15:40:00,AMZN,205.0,212755,0.05
2026-02-23 15:45:00,AMZN,205.03,316385,0.01
2026-02-23 15:50:00,AMZN,204.87,660543,-0.08
2026-02-23 15:55:00,AMZN,204.9,142948,0.01
2026-02-23 09:35:00,GOOGL,317.71,1603207,-0.06
2026-02-23 09:40:00,GOOGL,315.83,1902612,-0.59
2026-02-23 09:45:00,GOOGL,316.38,1987829,0.17
2026-02-23 09:50:00,GOOGL,316.2,438065,-0.06
2026-02-23 09:55:00,GOOGL,315.34,2166208,-0.27
2026-02-23 10:00:00,GOOGL,315.38,347367,0.01
2026-02-23 10:05:00,GOOGL,315.33,295692,-0.02
2026-02-23 10:10:00,GOOGL,315.74,246839,0.13
2026-02-23 10:15:00,GOOGL,316.55,322121,0.26
2026-02-23 10:20:00,GOOGL,316.26,197963,-0.09
2026-02-23 10:25:00,GOOGL,315.76,5381154,-0.16
2026-02-23 10:30:00,GOOGL,314.34,3175146,-0.45
2026-02-23 10:35:00,GOOGL,314.18,3032208,-0.05
2026-02-23 10:40:00,GOOGL,314.08,5963606,-0.03
2026-02-23 10:45:00,GOOGL,314.58,3198355,0.16
2026-02-23 10:50:00,GOOGL,313.77,3320133,-0.26
2026-02-23 10:55:00,GOOGL,312.83,3601864,-0.3
2026-02-23 11:00:00,GOOGL,312.51,3605760,-0.1
2026-02-23 11:05:00,GOOGL,312.33,3881179,-0.06
2026-02-23 11:10:00,GOOGL,312.13,3768956,-0.06
2026-02-23 11:15:00,GOOGL,312.86,4085427,0.23
2026-02-23 11:20:00,GOOGL,313.31,4136492,0.14
2026-02-23 11:25:00,GOOGL,314.06,216375,0.24
2026-02-23 11:30:00,GOOGL,313.85,8304766,-0.07
2026-02-23 11:35:00,GOOGL,313.66,4281543,-0.06
2026-02-23 11:40:00,GOOGL,313.95,159183,0.09
2026-02-23 11:45:00,GOOGL,313.63,4424375,-0.1
2026-02-23 11:50:00,GOOGL,314.21,132591,0.19
2026-02-23 11:55:00,GOOGL,313.89,114456,-0.11
2026-02-23 12:00:00,GOOGL,313.76,4592930,-0.04
2026-02-23 12:05:00,GOOGL,313.82,4570721,0.02
2026-02-23 12:10:00,GOOGL,313.66,4648240,-0.05
2026-02-23 12:15:00,GOOGL,313.67,9239762,0.0
2026-02-23 12:20:00,GOOGL,313.89,4652440,0.07
2026-02-23 12:25:00,GOOGL,313.84,4731583,-0.02
2026-02-23 12:30:00,GOOGL,313.65,90516,-0.06
2026-02-23 12:35:00,GOOGL,312.81,133074,-0.27
2026-02-23 12:40:00,GOOGL,313.25,118676,0.14
2026-02-23 12:45:00,GOOGL,313.12,82920,-0.04
2026-02-23 12:50:00,GOOGL,313.36,9554369,0.08
2026-02-23 12:55:00,GOOGL,313.47,121789,0.04
2026-02-23 13:00:00,GOOGL,314.24,5015533,0.25
2026-02-23 13:05:00,GOOGL,314.34,149722,0.03
2026-02-23 13:10:00,GOOGL,314.32,133459,-0.01
2026-02-23 13:15:00,GOOGL,314.27,5250040,-0.02
2026-02-23 13:20:00,GOOGL,314.77,5287621,0.16
2026-02-23 13:25:00,GOOGL,314.55,5347541,-0.07
2026-02-23 13:30:00,GOOGL,314.23,93307,-0.1
2026-02-23 13:35:00,GOOGL,314.07,90778,-0.05
2026-02-23 13:40:00,GOOGL,313.61,143989,-0.15
2026-02-23 13:45:00,GOOGL,313.7,88831,0.03
2026-02-23 13:50:00,GOOGL,313.02,89530,-0.21
2026-02-23 13:55:00,GOOGL,312.89,5549493,-0.04
2026-02-23 14:00:00,GOOGL,312.92,93439,0.01
2026-02-23 14:05:00,GOOGL,312.96,103577,0.01
2026-02-23 14:10:00,GOOGL,312.93,5642141,-0.01
2026-02-23 14:15:00,GOOGL,312.76,70943,-0.05
2026-02-23 14:20:00,GOOGL,312.84,106653,0.03
2026-02-23 14:25:00,GOOGL,312.64,135332,-0.06
2026-02-23 14:30:00,GOOGL,312.81,134605,0.05
2026-02-23 14:35:00,GOOGL,312.52,235585,-0.09
2026-02-23 14:40:00,GOOGL,311.4,326225,-0.36
2026-02-23 14:45:00,GOOGL,311.51,6346543,0.04
2026-02-23 14:50:00,GOOGL,310.73,210178,-0.25
2026-02-23 14:55:00,GOOGL,310.44,197322,-0.09
2026-02-23 15:00:00,GOOGL,310.32,227494,-0.04
2026-02-23 15:05:00,GOOGL,310.29,154858,-0.01
2026-02-23 15:10:00,GOOGL,310.68,215242,0.13
2026-02-23 15:15:00,GOOGL,310.74,232061,0.02
2026-02-23 15:20:00,GOOGL,311.18,6692167,0.14
2026-02-23 15:25:00,GOOGL,311.37,6720856,0.06
2026-02-23 15:30:00,GOOGL,311.61,183127,0.08
2026-02-23 15:35:00,GOOGL,311.37,145884,-0.08
2026-02-23 15:40:00,GOOGL,311.1,139684,-0.09
2026-02-23 15:45:00,GOOGL,310.96,192136,-0.05
2026-02-23 15:50:00,GOOGL,310.69,599128,-0.09
2026-02-23 15:55:00,GOOGL,310.79,106201,0.03
2026-02-23 09:35:00,TSLA,404.92,1098468,-0.35
2026-02-23 09:40:00,TSLA,402.94,1129069,-0.49
2026-02-23 09:45:00,TSLA,403.05,2726466,0.03
2026-02-23 09:50:00,TSLA,402.64,3557872,-0.1
2026-02-23 09:55:00,TSLA,402.78,3150730,0.03
2026-02-23 10:00:00,TSLA,402.64,3627337,-0.03
2026-02-23 10:05:00,TSLA,403.6,3854496,0.24
2026-02-23 10:10:00,TSLA,404.14,659106,0.14
2026-02-23 10:15:00,TSLA,404.2,4101496,0.01
2026-02-23 10:20:00,TSLA,403.69,666376,-0.13
2026-02-23 10:25:00,TSLA,403.38,8229621,-0.08
2026-02-23 10:30:00,TSLA,402.98,4559106,-0.1
2026-02-23 10:35:00,TSLA,402.68,536136,-0.07
2026-02-23 10:40:00,TSLA,402.37,4771409,-0.08
2026-02-23 10:45:00,TSLA,402.46,430461,0.02
2026-02-23 10:50:00,TSLA,401.13,9941286,-0.33
2026-02-23 10:55:00,TSLA,400.91,5539863,-0.05
2026-02-23 11:00:00,TSLA,400.36,5774438,-0.14
2026-02-23 11:05:00,TSLA,398.93,1157235,-0.36
2026-02-23 11:10:00,TSLA,398.18,921962,-0.19
2026-02-23 11:15:00,TSLA,398.23,843284,0.01
2026-02-23 11:20:00,TSLA,397.11,7145454,-0.28
2026-02-23 11:25:00,TSLA,397.97,7351906,0.22
2026-02-23 11:30:00,TSLA,398.52,21559616,0.14
2026-02-23 11:35:00,TSLA,398.37,7570057,-0.04
2026-02-23 11:40:00,TSLA,398.91,14935749,0.13
2026-02-23 11:45:00,TSLA,398.64,514670,-0.07
2026-02-23 11:50:00,TSLA,398.8,8127896,0.04
2026-02-23 11:55:00,TSLA,398.36,299261,-0.11
2026-02-23 12:00:00,TSLA,398.38,8132550,0.01
2026-02-23 12:05:00,TSLA,398.2,8245301,-0.04
2026-02-23 12:10:00,TSLA,398.21,8211255,0.0
2026-02-23 12:15:00,TSLA,398.53,332410,0.08
2026-02-23 12:20:00,TSLA,398.27,260371,-0.07
2026-02-23 12:25:00,TSLA,397.42,378539,-0.21
2026-02-23 12:30:00,TSLA,396.39,621050,-0.26
2026-02-23 12:35:00,TSLA,394.8,958541,-0.4
2026-02-23 12:40:00,TSLA,395.31,745199,0.13
2026-02-23 12:45:00,TSLA,394.48,562349,-0.21
2026-02-23 12:50:00,TSLA,395.21,679211,0.19
2026-02-23 12:55:00,TSLA,395.0,10199374,-0.05
2026-02-23 13:00:00,TSLA,396.1,592971,0.28
2026-02-23 13:05:00,TSLA,396.55,403742,0.11
2026-02-23 13:10:00,TSLA,396.6,10646051,0.01
2026-02-23 13:15:00,TSLA,395.59,371406,-0.25
2026-02-23 13:20:00,TSLA,396.65,10995984,0.27
2026-02-23 13:25:00,TSLA,396.04,11021468,-0.15
2026-02-23 13:30:00,TSLA,395.97,11132439,-0.02
2026-02-23 13:35:00,TSLA,395.57,11549692,-0.1
2026-02-23 13:40:00,TSLA,396.12,305961,0.14
2026-02-23 13:45:00,TSLA,396.22,11770330,0.03
2026-02-23 13:50:00,TSLA,394.82,357111,-0.35
2026-02-23 13:55:00,TSLA,394.45,12247606,-0.09
2026-02-23 14:00:00,TSLA,394.71,362186,0.07
2026-02-23 14:05:00,TSLA,395.14,343678,0.11
2026-02-23 14:10:00,TSLA,395.02,301710,-0.03
2026-02-23 14:15:00,TSLA,394.7,12861757,-0.08
2026-02-23 14:20:00,TSLA,394.6,13032299,-0.03
2026-02-23 14:25:00,TSLA,394.39,322055,-0.05
2026-02-23 14:30:00,TSLA,394.55,13340539,0.04
2026-02-23 14:35:00,TSLA,394.43,13233458,-0.03
2026-02-23 14:40:00,TSLA,394.33,13441182,-0.03
2026-02-23 14:45:00,TSLA,394.87,346164,0.14
2026-02-23 14:50:00,TSLA,395.07,419896,0.05
2026-02-23 14:55:00,TSLA,395.34,13999501,0.07
2026-02-23 15:00:00,TSLA,395.49,471495,0.04
2026-02-23 15:05:00,TSLA,395.12,14142376,-0.09
2026-02-23 15:10:00,TSLA,394.53,432915,-0.15
2026-02-23 15:15:00,TSLA,395.1,390748,0.14
2026-02-23 15:20:00,TSLA,395.07,366222,-0.01
2026-02-23 15:25:00,TSLA,395.53,14674980,0.12
2026-02-23 15:30:00,TSLA,396.18,534155,0.17
2026-02-23 15:35:00,TSLA,396.14,15005173,-0.01
2026-02-23 15:40:00,TSLA,396.54,15368372,0.1
2026-02-23 15:45:00,TSLA,396.46,597471,-0.02
2026-02-23 15:50:00,TSLA,397.07,931053,0.15
2026-02-23 15:55:00,TSLA,398.3,494621,0.31
2026-02-23 00:05:00,BTC-USD,67589.01,0,-0.03
2026-02-23 00:10:00,BTC-USD,67584.26,51630080,-0.01
2026-02-23 00:15:00,BTC-USD,67587.9,16345088,0.01
2026-02-23 00:20:00,BTC-USD,67450.82,9410560,-0.2
2026-02-23 00:25:00,BTC-USD,67421.04,5109760,-0.04
2026-02-23 00:30:00,BTC-USD,67358.94,82020352,-0.09
2026-02-23 00:35:00,BTC-USD,67220.34,197707776,-0.21
2026-02-23 00:40:00,BTC-USD,67172.98,186654720,-0.07
2026-02-23 00:45:00,BTC-USD,67120.41,32552960,-0.08
2026-02-23 00:50:00,BTC-USD,67067.48,152670208,-0.08
2026-02-23 00:55:00,BTC-USD,66794.61,127266816,-0.41
2026-02-23 01:00:00,BTC-USD,66138.82,192915456,-0.98
2026-02-23 01:05:00,BTC-USD,65751.28,568463360,-0.59
2026-02-23 01:10:00,BTC-USD,65544.45,221243392,-0.31
2026-02-23 01:15:00,BTC-USD,65308.51,508286976,-0.36
2026-02-23 01:20:00,BTC-USD,65083.54,1352476672,-0.34
2026-02-23 01:25:00,BTC-USD,65156.2,572917760,0.11
2026-02-23 01:30:00,BTC-USD,65080.84,1150470144,-0.12
2026-02-23 01:35:00,BTC-USD,65359.7,119644160,0.43
2026-02-23 01:40:00,BTC-USD,65140.02,511123456,-0.34
2026-02-23 01:45:00,BTC-USD,64756.01,814514176,-0.59
2026-02-23 01:50:00,BTC-USD,64563.13,1136801792,-0.3
2026-02-23 01:55:00,BTC-USD,64614.25,782108672,0.08
2026-02-23 02:00:00,BTC-USD,64548.93,618737664,-0.1
2026-02-23 02:05:00,BTC-USD,64593.88,227596288,0.07
2026-02-23 02:10:00,BTC-USD,64721.64,418775040,0.2
2026-02-23 02:15:00,BTC-USD,64693.07,216780800,-0.04
2026-02-23 02:20:00,BTC-USD,64574.15,242853888,-0.18
2026-02-23 02:25:00,BTC-USD,64618.16,173449216,0.07
2026-02-23 02:30:00,BTC-USD,64876.55,286431232,0.4
2026-02-23 02:35:00,BTC-USD,64782.36,152758272,-0.15
2026-02-23 02:40:00,BTC-USD,64739.98,144089088,-0.07
2026-02-23 02:45:00,BTC-USD,64808.5,23040000,0.11
2026-02-23 02:50:00,BTC-USD,64759.8,824424448,-0.08
2026-02-23 02:55:00,BTC-USD,64727.59,138606592,-0.05
2026-02-23 03:00:00,BTC-USD,64784.43,62855168,0.09
2026-02-23 03:05:00,BTC-USD,64983.76,208142336,0.31
2026-02-23 03:10:00,BTC-USD,64872.29,125315072,-0.17
2026-02-23 03:15:00,BTC-USD,64738.29,453814272,-0.21
2026-02-23 03:20:00,BTC-USD,64746.45,146055168,0.01
2026-02-23 03:25:00,BTC-USD,64751.41,220614656,0.01
2026-02-23 03:30:00,BTC-USD,64723.7,281774080,-0.04
2026-02-23 03:35:00,BTC-USD,64882.0,211582976,0.24
2026-02-23 03:40:00,BTC-USD,64957.3,154787840,0.12
2026-02-23 03:45:00,BTC-USD,64947.29,289351680,-0.02
2026-02-23 03:50:00,BTC-USD,64943.11,378880,-0.01
2026-02-23 03:55:00,BTC-USD,64946.36,357376000,0.01
2026-02-23 04:00:00,BTC-USD,64890.33,164454400,-0.09
2026-02-23 04:05:00,BTC-USD,64891.62,24297472,0.0
2026-02-23 04:10:00,BTC-USD,64955.29,235223040,0.1
2026-02-23 04:15:00,BTC-USD,64904.44,6111232,-0.08
2026-02-23 04:20:00,BTC-USD,64798.29,361730048,-0.16
2026-02-23 04:25:00,BTC-USD,64759.41,98529280,-0.06
2026-02-23 04:30:00,BTC-USD,64761.91,620265472,0.0
2026-02-23 04:35:00,BTC-USD,64706.98,315162624,-0.08
2026-02-23 04:40:00,BTC-USD,64692.66,50561024,-0.02
2026-02-23 04:45:00,BTC-USD,64710.0,349155328,0.03
2026-02-23 04:50:00,BTC-USD,64750.1,193540096,0.06
2026-02-23 04:55:00,BTC-USD,64811.04,75517952,0.09
2026-02-23 05:00:00,BTC-USD,64839.53,191449088,0.04
2026-02-23 05:05:00,BTC-USD,64922.89,167249920,0.13
2026-02-23 05:10:00,BTC-USD,65092.28,181784576,0.26
2026-02-23 05:15:00,BTC-USD,65172.89,533444608,0.12
2026-02-23 05:20:00,BTC-USD,65093.67,182192128,-0.12
2026-02-23 05:25:00,BTC-USD,64968.25,439910400,-0.19
2026-02-23 05:30:00,BTC-USD,65092.73,164714496,0.19
2026-02-23 05:35:00,BTC-USD,65027.76,261564416,-0.1
2026-02-23 05:40:00,BTC-USD,65030.95,224700416,0.0
2026-02-23 05:45:00,BTC-USD,65012.01,200306688,-0.03
2026-02-23 05:50:00,BTC-USD,65001.13,233842688,-0.02
2026-02-23 05:55:00,BTC-USD,65036.36,324610048,0.05
2026-02-23 06:00:00,BTC-USD,65082.28,234027008,0.07
2026-02-23 06:05:00,BTC-USD,65159.92,179689472,0.12
2026-02-23 06:10:00,BTC-USD,65327.77,269125632,0.26
2026-02-23 06:15:00,BTC-USD,65320.84,200822784,-0.01
2026-02-23 06:20:00,BTC-USD,65397.99,260851712,0.12
2026-02-23 06:25:00,BTC-USD,65319.59,421593088,-0.12
2026-02-23 06:30:00,BTC-USD,65340.62,106180608,0.03
2026-02-23 06:35:00,BTC-USD,65602.61,197068800,0.4
2026-02-23 06:40:00,BTC-USD,65528.8,179849216,-0.11
2026-02-23 06:45:00,BTC-USD,65677.6,408057856,0.23
2026-02-23 06:50:00,BTC-USD,65701.31,12163072,0.04
2026-02-23 06:55:00,BTC-USD,65734.02,231114752,0.05
2026-02-23 07:00:00,BTC-USD,65785.12,79851520,0.08
2026-02-23 07:05:00,BTC-USD,65826.5,384350208,0.06
2026-02-23 07:10:00,BTC-USD,65848.59,323725312,0.03
2026-02-23 07:15:00,BTC-USD,65745.09,45463552,-0.16
2026-02-23 07:20:00,BTC-USD,65717.38,142114816,-0.04
2026-02-23 07:25:00,BTC-USD,65725.91,307949568,0.01
2026-02-23 07:30:00,BTC-USD,65716.69,178601984,-0.01
2026-02-23 07:35:00,BTC-USD,65826.91,77326336,0.17
2026-02-23 07:40:00,BTC-USD,65926.27,365836288,0.15
2026-02-23 07:45:00,BTC-USD,65927.4,395405312,0.0
2026-02-23 07:50:00,BTC-USD,65929.11,207175680,0.0
2026-02-23 07:55:00,BTC-USD,65941.94,276234240,0.02
2026-02-23 08:00:00,BTC-USD,65799.17,348413952,-0.22
2026-02-23 08:05:00,BTC-USD,65772.79,201031680,-0.04
2026-02-23 08:10:00,BTC-USD,65796.55,311246848,0.04
2026-02-23 08:15:00,BTC-USD,65748.3,166842368,-0.07
2026-02-23 08:20:00,BTC-USD,65724.66,64487424,-0.04
2026-02-23 08:25:00,BTC-USD,65695.5,143065088,-0.04
2026-02-23 08:30:00,BTC-USD,65633.87,263536640,-0.09
2026-02-23 08:35:00,BTC-USD,65599.8,55545856,-0.05
2026-02-23 08:40:00,BTC-USD,65590.02,81899520,-0.01
2026-02-23 08:45:00,BTC-USD,65620.9,4558848,0.05
2026-02-23 08:50:00,BTC-USD,65601.86,268365824,-0.03
2026-02-23 08:55:00,BTC-USD,65673.84,78143488,0.11
2026-02-23 09:00:00,BTC-USD,65803.93,17166336,0.2
2026-02-23 09:05:00,BTC-USD,65798.87,42921984,-0.01
2026-02-23 09:10:00,BTC-USD,65796.05,239009792,-0.0
2026-02-23 09:15:00,BTC-USD,65800.74,235040768,0.01
2026-02-23 09:20:00,BTC-USD,65716.12,93343744,-0.13
2026-02-23 09:25:00,BTC-USD,65797.34,60944384,0.12
2026-02-23 09:30:00,BTC-USD,66192.77,41496576,0.6
2026-02-23 09:35:00,BTC-USD,66291.09,597970944,0.15
2026-02-23 09:40:00,BTC-USD,66255.3,305266688,-0.05
2026-02-23 09:45:00,BTC-USD,66271.62,115949568,0.02
2026-02-23 09:50:00,BTC-USD,66361.88,316776448,0.14
2026-02-23 09:55:00,BTC-USD,66387.97,94228480,0.04
2026-02-23 10:00:00,BTC-USD,66501.49,262770688,0.17
2026-02-23 10:05:00,BTC-USD,66413.7,61071360,-0.13
2026-02-23 10:10:00,BTC-USD,66359.21,336744448,-0.08
2026-02-23 10:15:00,BTC-USD,66379.48,597049344,0.03
2026-02-23 10:20:00,BTC-USD,66438.07,230318080,0.09
2026-02-23 10:25:00,BTC-USD,66353.8,224133120,-0.13
2026-02-23 10:30:00,BTC-USD,66286.49,16859136,-0.1
2026-02-23 10:35:00,BTC-USD,66245.11,77307904,-0.06
2026-02-23 10:40:00,BTC-USD,66373.51,292155392,0.19
2026-02-23 10:45:00,BTC-USD,66287.66,118759424,-0.13
2026-02-23 10:50:00,BTC-USD,66346.38,364544,0.09
2026-02-23 10:55:00,BTC-USD,66308.26,982155264,-0.06
2026-02-23 11:00:00,BTC-USD,66334.09,17715200,0.04
2026-02-23 11:05:00,BTC-USD,66309.91,0,-0.04
2026-02-23 11:10:00,BTC-USD,66369.79,163655680,0.09
2026-02-23 11:15:00,BTC-USD,66431.27,19714048,0.09
2026-02-23 11:20:00,BTC-USD,66380.98,215756800,-0.08
2026-02-23 11:25:00,BTC-USD,66330.85,422981632,-0.08
2026-02-23 11:30:00,BTC-USD,66248.78,214773760,-0.12
2026-02-23 11:35:00,BTC-USD,66149.62,16453632,-0.15
2026-02-23 11:40:00,BTC-USD,66133.68,78241792,-0.02
2026-02-23 11:45:00,BTC-USD,66144.13,96665600,0.02
2026-02-23 11:50:00,BTC-USD,66191.45,67473408,0.07
2026-02-23 11:55:00,BTC-USD,66182.5,127574016,-0.01
2026-02-23 12:00:00,BTC-USD,66174.79,57786368,-0.01
2026-02-23 12:05:00,BTC-USD,66246.12,6135808,0.11
2026-02-23 12:10:00,BTC-USD,66217.5,1179648,-0.04
2026-02-23 12:15:00,BTC-USD,66218.59,193196032,0.0
2026-02-23 12:20:00,BTC-USD,66086.61,54943744,-0.2
2026-02-23 12:25:00,BTC-USD,66144.59,45965312,0.09
2026-02-23 12:30:00,BTC-USD,65942.08,179171328,-0.31
2026-02-23 12:35:00,BTC-USD,66343.79,179544064,0.61
2026-02-23 12:40:00,BTC-USD,66289.21,86536192,-0.08
2026-02-23 12:45:00,BTC-USD,66415.7,730345472,0.19
2026-02-23 12:50:00,BTC-USD,66337.57,22474752,-0.12
2026-02-23 12:55:00,BTC-USD,66259.63,81358848,-0.12
2026-02-23 13:00:00,BTC-USD,66273.64,225562624,0.02
2026-02-23 13:05:00,BTC-USD,66356.59,49840128,0.13
2026-02-23 13:10:00,BTC-USD,66236.71,97828864,-0.18
2026-02-23 13:15:00,BTC-USD,66159.18,80310272,-0.12
2026-02-23 13:20:00,BTC-USD,66219.37,11370496,0.09
2026-02-23 13:25:00,BTC-USD,66223.61,281460736,0.01
2026-02-23 13:30:00,BTC-USD,66210.08,71540736,-0.02
2026-02-23 13:35:00,BTC-USD,66153.22,432459776,-0.09
2026-02-23 13:40:00,BTC-USD,66322.34,0,0.26
2026-02-23 13:45:00,BTC-USD,66344.12,263917568,0.03
2026-02-23 13:50:00,BTC-USD,66329.71,3522560,-0.02
2026-02-23 13:55:00,BTC-USD,66121.86,43192320,-0.31
2026-02-23 14:00:00,BTC-USD,66129.49,249507840,0.01
2026-02-23 14:05:00,BTC-USD,66241.8,4055040,0.17
2026-02-23 14:10:00,BTC-USD,66236.84,229896192,-0.01
2026-02-23 14:15:00,BTC-USD,66154.18,134410240,-0.12
2026-02-23 14:20:00,BTC-USD,66058.59,6987776,-0.14
2026-02-23 14:25:00,BTC-USD,66086.28,61833216,0.04
2026-02-23 14:30:00,BTC-USD,66129.12,15495168,0.06
2026-02-23 14:35:00,BTC-USD,65893.0,306446336,-0.36
2026-02-23 14:40:00,BTC-USD,65771.65,127807488,-0.18
2026-02-23 14:45:00,BTC-USD,65816.57,512028672,0.07
2026-02-23 14:50:00,BTC-USD,66014.78,674918400,0.3
2026-02-23 14:55:00,BTC-USD,65867.74,124534784,-0.22
2026-02-23 15:00:00,BTC-USD,65800.59,0,-0.1
2026-02-23 15:05:00,BTC-USD,65824.71,462458880,0.04
2026-02-23 15:10:00,BTC-USD,65920.69,41652224,0.15
2026-02-23 15:15:00,BTC-USD,66161.36,52760576,0.37
2026-02-23 15:20:00,BTC-USD,65968.04,159666176,-0.29
2026-02-23 15:25:00,BTC-USD,65744.66,130469888,-0.34
2026-02-23 15:30:00,BTC-USD,65874.97,214306816,0.2
2026-02-23 15:35:00,BTC-USD,65871.69,270135296,-0.0
2026-02-23 15:40:00,BTC-USD,65809.66,40517632,-0.09
2026-02-23 15:45:00,BTC-USD,65797.16,309800960,-0.02
2026-02-23 15:50:00,BTC-USD,65704.13,34660352,-0.14
2026-02-23 15:55:00,BTC-USD,65696.84,454959104,-0.01
2026-02-23 16:00:00,BTC-USD,65621.67,55517184,-0.11
2026-02-23 16:05:00,BTC-USD,65422.58,760012800,-0.3
2026-02-23 16:10:00,BTC-USD,65244.92,404082688,-0.27
2026-02-23 16:15:00,BTC-USD,65433.71,525541376,0.29
2026-02-23 16:20:00,BTC-USD,65440.6,28762112,0.01
2026-02-23 16:25:00,BTC-USD,65647.8,322375680,0.32
2026-02-23 16:30:00,BTC-USD,65557.07,577167360,-0.14
2026-02-23 16:35:00,BTC-USD,65604.36,112676864,0.07
2026-02-23 16:40:00,BTC-USD,65606.96,68632576,0.0
2026-02-23 16:45:00,BTC-USD,65407.86,308490240,-0.3
2026-02-23 16:50:00,BTC-USD,65432.56,459431936,0.04
2026-02-23 16:55:00,BTC-USD,65304.88,323956736,-0.2
2026-02-23 17:00:00,BTC-USD,65409.16,260198400,0.16
2026-02-23 17:05:00,BTC-USD,65378.36,538243072,-0.05
2026-02-23 17:10:00,BTC-USD,65291.16,17444864,-0.13
2026-02-23 17:15:00,BTC-USD,64978.55,732708864,-0.48
2026-02-23 17:20:00,BTC-USD,64788.06,227225600,-0.29
2026-02-23 17:25:00,BTC-USD,64623.86,422023168,-0.25
2026-02-23 17:30:00,BTC-USD,64654.51,541294592,0.05
2026-02-23 17:35:00,BTC-USD,64441.12,6139904,-0.33
2026-02-23 17:40:00,BTC-USD,64512.73,314646528,0.11
2026-02-23 17:45:00,BTC-USD,64444.32,1510854656,-0.11
2026-02-23 17:50:00,BTC-USD,64396.07,3801088,-0.07
2026-02-23 17:55:00,BTC-USD,64738.64,543092736,0.53
2026-02-23 18:00:00,BTC-USD,64737.73,142065664,-0.0
2026-02-23 18:05:00,BTC-USD,64811.3,187273216,0.11
2026-02-23 18:10:00,BTC-USD,64739.3,50388992,-0.11
2026-02-23 18:15:00,BTC-USD,64731.06,456036352,-0.01
2026-02-23 18:20:00,BTC-USD,64822.87,43921408,0.14
2026-02-23 18:25:00,BTC-USD,64800.95,162750464,-0.03
2026-02-23 18:30:00,BTC-USD,64797.79,378540032,-0.0
2026-02-23 18:35:00,BTC-USD,65082.63,315871232,0.44
2026-02-23 18:40:00,BTC-USD,64924.06,96813056,-0.24
2026-02-23 18:45:00,BTC-USD,64813.12,441257984,-0.17
2026-02-23 18:50:00,BTC-USD,64768.21,113618944,-0.07
2026-02-23 18:55:00,BTC-USD,64595.89,628559872,-0.27
2026-02-23 19:00:00,BTC-USD,64693.36,400838656,0.15
2026-02-23 19:05:00,BTC-USD,64717.85,47763456,0.04
2026-02-23 19:10:00,BTC-USD,64762.05,541843456,0.07
2026-02-23 19:15:00,BTC-USD,64617.71,730071040,-0.22
2026-02-23 19:20:00,BTC-USD,64620.48,312164352,0.0
2026-02-23 19:25:00,BTC-USD,64492.16,184528896,-0.2
2026-02-23 19:30:00,BTC-USD,64470.47,318738432,-0.03
2026-02-23 19:35:00,BTC-USD,64295.3,367247360,-0.27
2026-02-23 19:40:00,BTC-USD,64189.81,529289216,-0.16
2026-02-23 19:45:00,BTC-USD,64192.71,366354432,0.0
2026-02-23 19:50:00,BTC-USD,64178.93,317472768,-0.02
2026-02-23 19:55:00,BTC-USD,64333.27,602296320,0.24
2026-02-23 20:00:00,BTC-USD,64242.75,66957312,-0.14
2026-02-23 20:05:00,BTC-USD,64221.09,454238208,-0.03
2026-02-23 20:10:00,BTC-USD,63992.07,96346112,-0.36
2026-02-23 20:15:00,BTC-USD,64021.45,12615680,0.05
2026-02-23 20:20:00,BTC-USD,64116.09,261099520,0.15
2026-02-23 20:25:00,BTC-USD,63970.53,196829184,-0.23
2026-02-23 20:30:00,BTC-USD,64216.02,391561216,0.38
2026-02-23 20:35:00,BTC-USD,64240.17,14503936,0.04
2026-02-23 20:40:00,BTC-USD,64237.58,206757888,-0.0
2026-02-23 20:45:00,BTC-USD,64255.68,1482477568,0.03
2026-02-23 20:50:00,BTC-USD,64358.86,87523328,0.16
2026-02-23 00:05:00,ETH-USD,1952.98,44026880,-0.13
2026-02-23 00:10:00,ETH-USD,1953.29,36376576,0.02
2026-02-23 00:15:00,ETH-USD,1954.02,25910272,0.04
2026-02-23 00:20:00,ETH-USD,1950.18,7213056,-0.2
2026-02-23 00:25:00,ETH-USD,1946.75,11430912,-0.18
2026-02-23 00:30:00,ETH-USD,1944.7,88877056,-0.11
2026-02-23 00:35:00,ETH-USD,1943.25,41598976,-0.07
2026-02-23 00:40:00,ETH-USD,1940.87,63140864,-0.12
2026-02-23 00:45:00,ETH-USD,1942.05,45594624,0.06
2026-02-23 00:50:00,ETH-USD,1940.93,50265088,-0.06
2026-02-23 00:55:00,ETH-USD,1931.19,61434880,-0.5
2026-02-23 01:00:00,ETH-USD,1905.42,89453568,-1.33
2026-02-23 01:05:00,ETH-USD,1882.9,567284736,-1.18
2026-02-23 01:10:00,ETH-USD,1886.92,536399872,0.21
2026-02-23 01:15:00,ETH-USD,1879.08,471405568,-0.42
2026-02-23 01:20:00,ETH-USD,1874.16,179776512,-0.26
2026-02-23 01:25:00,ETH-USD,1877.56,52737024,0.18
2026-02-23 01:30:00,ETH-USD,1872.36,489635840,-0.28
2026-02-23 01:35:00,ETH-USD,1880.39,19469312,0.43
2026-02-23 01:40:00,ETH-USD,1871.38,236600320,-0.48
2026-02-23 01:45:00,ETH-USD,1866.37,310444032,-0.27
2026-02-23 01:50:00,ETH-USD,1857.33,213646336,-0.48
2026-02-23 01:55:00,ETH-USD,1864.84,42858496,0.4
2026-02-23 02:00:00,ETH-USD,1858.81,258420736,-0.32
2026-02-23 02:05:00,ETH-USD,1862.43,37707776,0.19
2026-02-23 02:10:00,ETH-USD,1862.73,229189632,0.02
2026-02-23 02:15:00,ETH-USD,1857.35,230950912,-0.29
2026-02-23 02:20:00,ETH-USD,1858.16,49694720,0.04
2026-02-23 02:25:00,ETH-USD,1859.11,85969920,0.05
2026-02-23 02:30:00,ETH-USD,1867.11,81277952,0.43
2026-02-23 02:35:00,ETH-USD,1863.69,103915520,-0.18
2026-02-23 02:40:00,ETH-USD,1862.65,50391040,-0.06
2026-02-23 02:45:00,ETH-USD,1863.07,21641216,0.02
2026-02-23 02:50:00,ETH-USD,1863.73,167644160,0.04
2026-02-23 02:55:00,ETH-USD,1862.11,77403136,-0.09
2026-02-23 03:00:00,ETH-USD,1862.6,13910016,0.03
2026-02-23 03:05:00,ETH-USD,1868.57,16749568,0.32
2026-02-23 03:10:00,ETH-USD,1865.63,82479104,-0.16
2026-02-23 03:15:00,ETH-USD,1859.22,80381952,-0.34
2026-02-23 03:20:00,ETH-USD,1858.48,26856448,-0.04
2026-02-23 03:25:00,ETH-USD,1857.9,40648704,-0.03
2026-02-23 03:30:00,ETH-USD,1857.43,197904384,-0.03
2026-02-23 03:35:00,ETH-USD,1860.74,15322112,0.18
2026-02-23 03:40:00,ETH-USD,1863.35,70721536,0.14
2026-02-23 03:45:00,ETH-USD,1864.11,46583808,0.04
2026-02-23 03:50:00,ETH-USD,1865.74,126967808,0.09
2026-02-23 03:55:00,ETH-USD,1863.08,22057984,-0.14
2026-02-23 04:00:00,ETH-USD,1861.21,19553280,-0.1
2026-02-23 04:05:00,ETH-USD,1862.1,19034112,0.05
2026-02-23 04:10:00,ETH-USD,1864.37,17082368,0.12
2026-02-23 04:15:00,ETH-USD,1861.59,4192256,-0.15
2026-02-23 04:20:00,ETH-USD,1860.15,184135680,-0.08
2026-02-23 04:25:00,ETH-USD,1860.45,31958016,0.02
2026-02-23 04:30:00,ETH-USD,1859.76,45524992,-0.04
2026-02-23 04:35:00,ETH-USD,1857.26,33881088,-0.13
2026-02-23 04:40:00,ETH-USD,1856.04,68978688,-0.07
2026-02-23 04:45:00,ETH-USD,1857.27,132273152,0.07
2026-02-23 04:50:00,ETH-USD,1858.36,44191744,0.06
2026-02-23 04:55:00,ETH-USD,1859.56,13718528,0.06
2026-02-23 05:00:00,ETH-USD,1859.98,2592768,0.02
2026-02-23 05:05:00,ETH-USD,1862.53,42216448,0.14
2026-02-23 05:10:00,ETH-USD,1865.1,31947776,0.14
2026-02-23 05:15:00,ETH-USD,1869.41,193233920,0.23
2026-02-23 05:20:00,ETH-USD,1867.66,112808960,-0.09
2026-02-23 05:25:00,ETH-USD,1863.25,195365888,-0.24
2026-02-23 05:30:00,ETH-USD,1869.0,77062144,0.31
2026-02-23 05:35:00,ETH-USD,1866.25,49009664,-0.15
2026-02-23 05:40:00,ETH-USD,1866.99,159981568,0.04
2026-02-23 05:45:00,ETH-USD,1865.0,53274624,-0.11
2026-02-23 05:50:00,ETH-USD,1863.85,6097920,-0.06
2026-02-23 05:55:00,ETH-USD,1865.2,79112192,0.07
2026-02-23 06:00:00,ETH-USD,1865.86,35620864,0.04
2026-02-23 06:05:00,ETH-USD,1867.89,18067456,0.11
2026-02-23 06:10:00,ETH-USD,1874.29,82753536,0.34
2026-02-23 06:15:00,ETH-USD,1873.68,65394688,-0.03
2026-02-23 06:20:00,ETH-USD,1876.67,10728448,0.16
2026-02-23 06:25:00,ETH-USD,1873.31,670376960,-0.18
2026-02-23 06:30:00,ETH-USD,1874.18,39658496,0.05
2026-02-23 06:35:00,ETH-USD,1879.46,43408384,0.28
2026-02-23 06:40:00,ETH-USD,1879.38,27927552,-0.0
2026-02-23 06:45:00,ETH-USD,1881.07,463852544,0.09
2026-02-23 06:50:00,ETH-USD,1879.57,2356224,-0.08
2026-02-23 06:55:00,ETH-USD,1879.26,179197952,-0.02
2026-02-23 07:00:00,ETH-USD,1881.55,119562240,0.12
2026-02-23 07:05:00,ETH-USD,1880.64,235565056,-0.05
2026-02-23 07:10:00,ETH-USD,1882.26,65684480,0.09
2026-02-23 07:15:00,ETH-USD,1881.08,67794944,-0.06
2026-02-23 07:20:00,ETH-USD,1877.76,40505344,-0.18
2026-02-23 07:25:00,ETH-USD,1878.11,55965696,0.02
2026-02-23 07:30:00,ETH-USD,1878.13,139479040,0.0
2026-02-23 07:35:00,ETH-USD,1883.93,0,0.31
2026-02-23 07:40:00,ETH-USD,1885.21,106875904,0.07
2026-02-23 07:45:00,ETH-USD,1885.2,54977536,-0.0
2026-02-23 07:50:00,ETH-USD,1884.64,189997056,-0.03
2026-02-23 07:55:00,ETH-USD,1884.76,78844928,0.01
2026-02-23 08:00:00,ETH-USD,1883.92,141131776,-0.04
2026-02-23 08:05:00,ETH-USD,1884.12,33427456,0.01
2026-02-23 08:10:00,ETH-USD,1886.2,45320192,0.11
2026-02-23 08:15:00,ETH-USD,1886.33,33057792,0.01
2026-02-23 08:20:00,ETH-USD,1884.98,29378560,-0.07
2026-02-23 08:25:00,ETH-USD,1883.46,38568960,-0.08
2026-02-23 08:30:00,ETH-USD,1880.9,34052096,-0.14
2026-02-23 08:35:00,ETH-USD,1877.89,8426496,-0.16
2026-02-23 08:40:00,ETH-USD,1878.07,80740352,0.01
2026-02-23 08:45:00,ETH-USD,1878.63,21297152,0.03
2026-02-23 08:50:00,ETH-USD,1878.03,32928768,-0.03
2026-02-23 08:55:00,ETH-USD,1880.29,40642560,0.12
2026-02-23 09:00:00,ETH-USD,1884.68,64877568,0.23
2026-02-23 09:05:00,ETH-USD,1884.86,7075840,0.01
2026-02-23 09:10:00,ETH-USD,1885.69,174310400,0.04
2026-02-23 09:15:00,ETH-USD,1884.01,28729344,-0.09
2026-02-23 09:20:00,ETH-USD,1882.82,45991936,-0.06
2026-02-23 09:25:00,ETH-USD,1886.32,32077824,0.19
2026-02-23 09:30:00,ETH-USD,1900.76,35632128,0.77
2026-02-23 09:35:00,ETH-USD,1908.51,382051328,0.41
2026-02-23 09:40:00,ETH-USD,1909.75,75236352,0.06
2026-02-23 09:45:00,ETH-USD,1912.66,92440576,0.15
2026-02-23 09:50:00,ETH-USD,1915.83,203685888,0.17
2026-02-23 09:55:00,ETH-USD,1915.78,253197312,-0.0
2026-02-23 10:00:00,ETH-USD,1923.02,100615168,0.38
2026-02-23 10:05:00,ETH-USD,1920.17,37415936,-0.15
2026-02-23 10:10:00,ETH-USD,1919.93,449034240,-0.01
2026-02-23 10:15:00,ETH-USD,1923.38,72884224,0.18
2026-02-23 10:20:00,ETH-USD,1922.9,22530048,-0.02
2026-02-23 10:25:00,ETH-USD,1921.77,442347520,-0.06
2026-02-23 10:30:00,ETH-USD,1918.25,68988928,-0.18
2026-02-23 10:35:00,ETH-USD,1915.27,57952256,-0.16
2026-02-23 10:40:00,ETH-USD,1916.81,226439168,0.08
2026-02-23 10:45:00,ETH-USD,1914.48,56711168,-0.12
2026-02-23 10:50:00,ETH-USD,1916.97,48134144,0.13
2026-02-23 10:55:00,ETH-USD,1912.87,118333440,-0.21
2026-02-23 11:00:00,ETH-USD,1914.42,53184512,0.08
2026-02-23 11:05:00,ETH-USD,1915.06,9969664,0.03
2026-02-23 11:10:00,ETH-USD,1918.21,180129792,0.16
2026-02-23 11:15:00,ETH-USD,1918.6,7784448,0.02
2026-02-23 11:20:00,ETH-USD,1916.24,59600896,-0.12
2026-02-23 11:25:00,ETH-USD,1916.71,171413504,0.02
2026-02-23 11:30:00,ETH-USD,1914.67,212828160,-0.11
2026-02-23 11:35:00,ETH-USD,1912.29,15937536,-0.12
2026-02-23 11:40:00,ETH-USD,1912.0,107565056,-0.01
2026-02-23 11:45:00,ETH-USD,1912.61,90521600,0.03
2026-02-23 11:50:00,ETH-USD,1914.18,69165056,0.08
2026-02-23 11:55:00,ETH-USD,1913.96,23904256,-0.01
2026-02-23 12:00:00,ETH-USD,1913.43,18565120,-0.03
2026-02-23 12:05:00,ETH-USD,1915.92,15439872,0.13
2026-02-23 12:10:00,ETH-USD,1915.02,26836992,-0.05
2026-02-23 12:15:00,ETH-USD,1916.09,82135040,0.06
2026-02-23 12:20:00,ETH-USD,1913.42,53364736,-0.14
2026-02-23 12:25:00,ETH-USD,1913.74,86513664,0.02
2026-02-23 12:30:00,ETH-USD,1907.77,49299456,-0.31
2026-02-23 12:35:00,ETH-USD,1925.55,112586752,0.93
2026-02-23 12:40:00,ETH-USD,1923.02,69986304,-0.13
2026-02-23 12:45:00,ETH-USD,1923.86,38217728,0.04
2026-02-23 12:50:00,ETH-USD,1922.36,15300608,-0.08
2026-02-23 12:55:00,ETH-USD,1919.67,31967232,-0.14
2026-02-23 13:00:00,ETH-USD,1920.71,178028544,0.05
2026-02-23 13:05:00,ETH-USD,1924.51,46483456,0.2
2026-02-23 13:10:00,ETH-USD,1920.09,17362944,-0.23
2026-02-23 13:15:00,ETH-USD,1919.76,199438336,-0.02
2026-02-23 13:20:00,ETH-USD,1920.21,157696,0.02
2026-02-23 13:25:00,ETH-USD,1921.63,188174336,0.07
2026-02-23 13:30:00,ETH-USD,1921.96,46069760,0.02
2026-02-23 13:35:00,ETH-USD,1920.94,209166336,-0.05
2026-02-23 13:40:00,ETH-USD,1927.21,0,0.33
2026-02-23 13:45:00,ETH-USD,1929.25,46839808,0.11
2026-02-23 13:50:00,ETH-USD,1928.88,53243904,-0.02
2026-02-23 13:55:00,ETH-USD,1921.45,388546560,-0.39
2026-02-23 14:00:00,ETH-USD,1921.45,16508928,0.0
2026-02-23 14:05:00,ETH-USD,1924.02,11354112,0.13
2026-02-23 14:10:00,ETH-USD,1924.12,189030400,0.01
2026-02-23 14:15:00,ETH-USD,1920.87,45924352,-0.17
2026-02-23 14:20:00,ETH-USD,1915.31,6615040,-0.29
2026-02-23 14:25:00,ETH-USD,1916.24,226473984,0.05
2026-02-23 14:30:00,ETH-USD,1916.96,248958976,0.04
2026-02-23 14:35:00,ETH-USD,1909.78,83353600,-0.37
2026-02-23 14:40:00,ETH-USD,1901.73,90560512,-0.42
2026-02-23 14:45:00,ETH-USD,1905.21,335233024,0.18
2026-02-23 14:50:00,ETH-USD,1909.08,35559424,0.2
2026-02-23 14:55:00,ETH-USD,1904.57,136439808,-0.24
2026-02-23 15:00:00,ETH-USD,1903.93,258220032,-0.03
2026-02-23 15:05:00,ETH-USD,1902.08,101425152,-0.1
2026-02-23 15:10:00,ETH-USD,1903.25,77643776,0.06
2026-02-23 15:15:00,ETH-USD,1911.2,39317504,0.42
2026-02-23 15:20:00,ETH-USD,1905.61,27195392,-0.29
2026-02-23 15:25:00,ETH-USD,1903.1,199956480,-0.13
2026-02-23 15:30:00,ETH-USD,1907.28,203720704,0.22
2026-02-23 15:35:00,ETH-USD,1906.45,29896704,-0.04
2026-02-23 15:40:00,ETH-USD,1905.5,125265920,-0.05
2026-02-23 15:45:00,ETH-USD,1902.68,3432448,-0.15
2026-02-23 15:50:00,ETH-USD,1897.25,48609280,-0.29
2026-02-23 15:55:00,ETH-USD,1896.81,24104960,-0.02
2026-02-23 16:00:00,ETH-USD,1888.55,440629248,-0.44
2026-02-23 16:05:00,ETH-USD,1885.43,73502720,-0.17
2026-02-23 16:10:00,ETH-USD,1883.26,243648512,-0.12
2026-02-23 16:15:00,ETH-USD,1888.14,68272128,0.26
2026-02-23 16:20:00,ETH-USD,1890.96,91471872,0.15
2026-02-23 16:25:00,ETH-USD,1896.42,27703296,0.29
2026-02-23 16:30:00,ETH-USD,1894.16,261244928,-0.12
2026-02-23 16:35:00,ETH-USD,1892.61,55779328,-0.08
2026-02-23 16:40:00,ETH-USD,1892.43,40695808,-0.01
2026-02-23 16:45:00,ETH-USD,1887.14,26017792,-0.28
2026-02-23 16:50:00,ETH-USD,1886.63,64856064,-0.03
2026-02-23 16:55:00,ETH-USD,1883.43,61777920,-0.17
2026-02-23 17:00:00,ETH-USD,1883.03,515608576,-0.02
2026-02-23 17:05:00,ETH-USD,1885.03,248475648,0.11
2026-02-23 17:10:00,ETH-USD,1882.14,39100416,-0.15
2026-02-23 17:15:00,ETH-USD,1872.52,145004544,-0.51
2026-02-23 17:20:00,ETH-USD,1865.46,114475008,-0.38
2026-02-23 17:25:00,ETH-USD,1861.71,48007168,-0.2
2026-02-23 17:30:00,ETH-USD,1855.92,118368256,-0.31
2026-02-23 17:35:00,ETH-USD,1846.89,248041472,-0.49
2026-02-23 17:40:00,ETH-USD,1850.26,116371456,0.18
2026-02-23 17:45:00,ETH-USD,1848.88,237250560,-0.07
2026-02-23 17:50:00,ETH-USD,1845.7,22136832,-0.17
2026-02-23 17:55:00,ETH-USD,1863.8,120385536,0.98
2026-02-23 18:00:00,ETH-USD,1864.38,85215232,0.03
2026-02-23 18:05:00,ETH-USD,1863.57,377962496,-0.04
2026-02-23 18:10:00,ETH-USD,1862.2,43520000,-0.07
2026-02-23 18:15:00,ETH-USD,1861.2,61091840,-0.05
2026-02-23 18:20:00,ETH-USD,1862.27,64241664,0.06
2026-02-23 18:25:00,ETH-USD,1859.36,22466560,-0.16
2026-02-23 18:30:00,ETH-USD,1860.19,53688320,0.04
2026-02-23 18:35:00,ETH-USD,1870.86,107864064,0.57
2026-02-23 18:40:00,ETH-USD,1868.64,111267840,-0.12
2026-02-23 18:45:00,ETH-USD,1865.08,86745088,-0.19
2026-02-23 18:50:00,ETH-USD,1864.08,291686400,-0.05
2026-02-23 18:55:00,ETH-USD,1855.89,25665536,-0.44
2026-02-23 19:00:00,ETH-USD,1859.03,111972352,0.17
2026-02-23 19:05:00,ETH-USD,1860.83,37199872,0.1
2026-02-23 19:10:00,ETH-USD,1863.18,186750976,0.13
2026-02-23 19:15:00,ETH-USD,1859.86,224180224,-0.18
2026-02-23 19:20:00,ETH-USD,1853.79,20570112,-0.33
2026-02-23 19:25:00,ETH-USD,1854.12,79063040,0.02
2026-02-23 19:30:00,ETH-USD,1854.47,436228096,0.02
2026-02-23 19:35:00,ETH-USD,1851.21,29294592,-0.18
2026-02-23 19:40:00,ETH-USD,1851.71,270018560,0.03
2026-02-23 19:45:00,ETH-USD,1853.75,107722752,0.11
2026-02-23 19:50:00,ETH-USD,1854.01,44906496,0.01
2026-02-23 19:55:00,ETH-USD,1857.32,35450880,0.18
2026-02-23 20:00:00,ETH-USD,1855.24,242149376,-0.11
2026-02-23 20:05:00,ETH-USD,1856.15,29157376,0.05
2026-02-23 20:10:00,ETH-USD,1850.44,61140992,-0.31
2026-02-23 20:15:00,ETH-USD,1849.85,46669824,-0.03
2026-02-23 20:20:00,ETH-USD,1853.39,61104128,0.19
2026-02-23 20:25:00,ETH-USD,1849.68,242171904,-0.2
2026-02-23 20:30:00,ETH-USD,1855.72,279013376,0.33
2026-02-23 20:35:00,ETH-USD,1855.46,39673856,-0.01
2026-02-23 20:40:00,ETH-USD,1856.3,214292480,0.05
2026-02-23 20:45:00,ETH-USD,1856.32,15456256,0.0
2026-02-23 20:50:00,ETH-USD,1858.04,538501120,0.09
